,target_gene,feature_type,donor_seq,bridge_name,target_seq,index,strand,core,perfect_match_targets,levenshtein_distance_1_targets,levenshtein_distance_2_targets,bridge_sequence,p6p7_warning,RNA_structural_similarity,eblock_seq
0,sfGFP,,ACAGTATCTTGTAT,bridge_IS621_T_sfGFP_1_D_1,AGAAGAACTTTTCA,19,+,CT,0,52,771,AGTGCAGAGAAAATCGGCCAGTTTTCTCTGCCTGCAGTCCGCATGCCGTAGAAGAACTTGGGTTCTAACCTGTTGAAAAGATTTATGCAGCGGACTGCCTTTCTCCCAAAGTGATAAACCGGACAGTATCATGGACCGGTTTTCCCGGTAATCCGTATTTACAAGTTTGGTTTCACT,,0.358974,GAGAGggtctcTCCGTAGAAGAACTTGGGTTCTAACCTGTTGAAAAGATTTATGCAGCGGACTGCCTTTCTCCCAAAGTGATAAACCGGACAGTATCATGGACCGGTTTTCCCGGTAATCCGTATTTACAAGTTTGGTAgagaccGAGAGGACATTGTCCCTGATTTCTCCACTACTAATAGCACACACGGGGCAATACCAGCACAAGCTAGTCTCGCGGGAACGCTCGTCAGCATACGAAAGAGCTTAAGGCACGCCAATTCGCACTGTCAGGGTCACTTGGGTGTTTTGCACTACCGT
1,sfGFP,,ACAGTATCTTGTAT,bridge_IS621_T_sfGFP_2_D_1,CTTTTCACTGGAGT,26,+,CT,1,112,1208,AGTGCAGAGAAAATCGGCCAGTTTTCTCTGCCTGCAGTCCGCATGCCGTCTTTTCACTTGGGTTCTAACCTGTACTCCAGATTTATGCAGCGGACTGCCTTTCTCCCAAAGTGATAAACCGGACAGTATCATGGACCGGTTTTCCCGGTAATCCGTATTTACAAGTGTGGTTTCACT,,0.592721,GAGAGggtctcTCCGTCTTTTCACTTGGGTTCTAACCTGTACTCCAGATTTATGCAGCGGACTGCCTTTCTCCCAAAGTGATAAACCGGACAGTATCATGGACCGGTTTTCCCGGTAATCCGTATTTACAAGTGTGGTAgagaccGAGAGGACATTGTCCCTGATTTCTCCACTACTAATAGCACACACGGGGCAATACCAGCACAAGCTAGTCTCGCGGGAACGCTCGTCAGCATACGAAAGAGCTTAAGGCACGCCAATTCGCACTGTCAGGGTCACTTGGGTGTTTTGCACTACCGT
2,sfGFP,,ACAGTATCTTGTAT,bridge_IS621_T_sfGFP_3_D_1,CCCAATTCTTGTTG,43,+,CT,0,20,384,AGTGCAGAGAAAATCGGCCAGTTTTCTCTGCCTGCAGTCCGCATGCCGTCCCAATTCTTGGGTTCTAACCTGTCAACAAGATTTATGCAGCGGACTGCCTTTCTCCCAAAGTGATAAACCGGACAGTATCATGGACCGGTTTTCCCGGTAATCCGTATTTACAAGAATGGTTTCACT,,0.286726,GAGAGggtctcTCCGTCCCAATTCTTGGGTTCTAACCTGTCAACAAGATTTATGCAGCGGACTGCCTTTCTCCCAAAGTGATAAACCGGACAGTATCATGGACCGGTTTTCCCGGTAATCCGTATTTACAAGAATGGTAgagaccGAGAGGACATTGTCCCTGATTTCTCCACTACTAATAGCACACACGGGGCAATACCAGCACAAGCTAGTCTCGCGGGAACGCTCGTCAGCATACGAAAGAGCTTAAGGCACGCCAATTCGCACTGTCAGGGTCACTTGGGTGTTTTGCACTACCGT
3,sfGFP,,ACAGTATCTTGTAT,bridge_IS621_T_sfGFP_4_D_1,AAATTTTCTGTCCG,83,+,CT,1,90,1107,AGTGCAGAGAAAATCGGCCAGTTTTCTCTGCCTGCAGTCCGCATGCCGTAAATTTTCTTGGGTTCTAACCTGTCGGACAGATTTATGCAGCGGACTGCCTTTCTCCCAAAGTGATAAACCGGACAGTATCATGGACCGGTTTTCCCGGTAATCCGTATTTACAAGAATGGTTTCACT,,0.514334,GAGAGggtctcTCCGTAAATTTTCTTGGGTTCTAACCTGTCGGACAGATTTATGCAGCGGACTGCCTTTCTCCCAAAGTGATAAACCGGACAGTATCATGGACCGGTTTTCCCGGTAATCCGTATTTACAAGAATGGTAgagaccGAGAGGACATTGTCCCTGATTTCTCCACTACTAATAGCACACACGGGGCAATACCAGCACAAGCTAGTCTCGCGGGAACGCTCGTCAGCATACGAAAGAGCTTAAGGCACGCCAATTCGCACTGTCAGGGTCACTTGGGTGTTTTGCACTACCGT
4,sfGFP,,ACAGTATCTTGTAT,bridge_IS621_T_sfGFP_5_D_1,GGTGATGCTACAAA,110,+,CT,1,64,729,AGTGCAGAGAAAATCGGCCAGTTTTCTCTGCCTGCAGTCCGCATGCCGTGGTGATGCTTGGGTTCTAACCTGTTTTGTAGATTTATGCAGCGGACTGCCTTTCTCCCAAAGTGATAAACCGGACAGTATCATGGACCGGTTTTCCCGGTAATCCGTATTTACAAGCATGGTTTCACT,,0.566724,GAGAGggtctcTCCGTGGTGATGCTTGGGTTCTAACCTGTTTTGTAGATTTATGCAGCGGACTGCCTTTCTCCCAAAGTGATAAACCGGACAGTATCATGGACCGGTTTTCCCGGTAATCCGTATTTACAAGCATGGTAgagaccGAGAGGACATTGTCCCTGATTTCTCCACTACTAATAGCACACACGGGGCAATACCAGCACAAGCTAGTCTCGCGGGAACGCTCGTCAGCATACGAAAGAGCTTAAGGCACGCCAATTCGCACTGTCAGGGTCACTTGGGTGTTTTGCACTACCGT
5,sfGFP,,ACAGTATCTTGTAT,bridge_IS621_T_sfGFP_6_D_1,CGGAAAACTCACCC,124,+,CT,9,88,821,AGTGCAGAGAAAATCGGCCAGTTTTCTCTGCCTGCAGTCCGCATGCCGTCGGAAAACTTGGGTTCTAACCTGTGGGTGAGATTTATGCAGCGGACTGCCTTTCTCCCAAAGTGATAAACCGGACAGTATCATGGACCGGTTTTCCCGGTAATCCGTATTTACAAGTTTGGTTTCACT,,0.561525,GAGAGggtctcTCCGTCGGAAAACTTGGGTTCTAACCTGTGGGTGAGATTTATGCAGCGGACTGCCTTTCTCCCAAAGTGATAAACCGGACAGTATCATGGACCGGTTTTCCCGGTAATCCGTATTTACAAGTTTGGTAgagaccGAGAGGACATTGTCCCTGATTTCTCCACTACTAATAGCACACACGGGGCAATACCAGCACAAGCTAGTCTCGCGGGAACGCTCGTCAGCATACGAAAGAGCTTAAGGCACGCCAATTCGCACTGTCAGGGTCACTTGGGTGTTTTGCACTACCGT
6,sfGFP,,ACAGTATCTTGTAT,bridge_IS621_T_sfGFP_7_D_1,ACTCACCCTTAAAT,130,+,CT,0,33,421,AGTGCAGAGAAAATCGGCCAGTTTTCTCTGCCTGCAGTCCGCATGCCGTACTCACCCTTGGGTTCTAACCTGTATTTAAGATTTATGCAGCGGACTGCCTTTCTCCCAAAGTGATAAACCGGACAGTATCATGGACCGGTTTTCCCGGTAATCCGTATTTACAAGGGTGGTTTCACT,,0.409639,GAGAGggtctcTCCGTACTCACCCTTGGGTTCTAACCTGTATTTAAGATTTATGCAGCGGACTGCCTTTCTCCCAAAGTGATAAACCGGACAGTATCATGGACCGGTTTTCCCGGTAATCCGTATTTACAAGGGTGGTAgagaccGAGAGGACATTGTCCCTGATTTCTCCACTACTAATAGCACACACGGGGCAATACCAGCACAAGCTAGTCTCGCGGGAACGCTCGTCAGCATACGAAAGAGCTTAAGGCACGCCAATTCGCACTGTCAGGGTCACTTGGGTGTTTTGCACTACCGT
7,sfGFP,,ACAGTATCTTGTAT,bridge_IS621_T_sfGFP_8_D_1,ATTTGCACTACTGG,146,+,CT,1,43,647,AGTGCAGAGAAAATCGGCCAGTTTTCTCTGCCTGCAGTCCGCATGCCGTATTTGCACTTGGGTTCTAACCTGTCCAGTAGATTTATGCAGCGGACTGCCTTTCTCCCAAAGTGATAAACCGGACAGTATCATGGACCGGTTTTCCCGGTAATCCGTATTTACAAGTGTGGTTTCACT,,0.574359,GAGAGggtctcTCCGTATTTGCACTTGGGTTCTAACCTGTCCAGTAGATTTATGCAGCGGACTGCCTTTCTCCCAAAGTGATAAACCGGACAGTATCATGGACCGGTTTTCCCGGTAATCCGTATTTACAAGTGTGGTAgagaccGAGAGGACATTGTCCCTGATTTCTCCACTACTAATAGCACACACGGGGCAATACCAGCACAAGCTAGTCTCGCGGGAACGCTCGTCAGCATACGAAAGAGCTTAAGGCACGCCAATTCGCACTGTCAGGGTCACTTGGGTGTTTTGCACTACCGT
8,sfGFP,,ACAGTATCTTGTAT,bridge_IS621_T_sfGFP_9_D_1,TGCACTACTGGAAA,149,+,CT,7,86,1159,AGTGCAGAGAAAATCGGCCAGTTTTCTCTGCCTGCAGTCCGCATGCCGTTGCACTACTTGGGTTCTAACCTGTTTTCCAGATTTATGCAGCGGACTGCCTTTCTCCCAAAGTGATAAACCGGACAGTATCATGGACCGGTTTTCCCGGTAATCCGTATTTACAAGTATGGTTTCACT,,0.647059,GAGAGggtctcTCCGTTGCACTACTTGGGTTCTAACCTGTTTTCCAGATTTATGCAGCGGACTGCCTTTCTCCCAAAGTGATAAACCGGACAGTATCATGGACCGGTTTTCCCGGTAATCCGTATTTACAAGTATGGTAgagaccGAGAGGACATTGTCCCTGATTTCTCCACTACTAATAGCACACACGGGGCAATACCAGCACAAGCTAGTCTCGCGGGAACGCTCGTCAGCATACGAAAGAGCTTAAGGCACGCCAATTCGCACTGTCAGGGTCACTTGGGTGTTTTGCACTACCGT
9,sfGFP,,ACAGTATCTTGTAT,bridge_IS621_T_sfGFP_10_D_1,TGGAAAACTACCTG,157,+,CT,3,67,659,AGTGCAGAGAAAATCGGCCAGTTTTCTCTGCCTGCAGTCCGCATGCCGTTGGAAAACTTGGGTTCTAACCTGTCAGGTAGATTTATGCAGCGGACTGCCTTTCTCCCAAAGTGATAAACCGGACAGTATCATGGACCGGTTTTCCCGGTAATCCGTATTTACAAGTTTGGTTTCACT,,0.448567,GAGAGggtctcTCCGTTGGAAAACTTGGGTTCTAACCTGTCAGGTAGATTTATGCAGCGGACTGCCTTTCTCCCAAAGTGATAAACCGGACAGTATCATGGACCGGTTTTCCCGGTAATCCGTATTTACAAGTTTGGTAgagaccGAGAGGACATTGTCCCTGATTTCTCCACTACTAATAGCACACACGGGGCAATACCAGCACAAGCTAGTCTCGCGGGAACGCTCGTCAGCATACGAAAGAGCTTAAGGCACGCCAATTCGCACTGTCAGGGTCACTTGGGTGTTTTGCACTACCGT
10,sfGFP,,ACAGTATCTTGTAT,bridge_IS621_T_sfGFP_11_D_1,AAACTACCTGTTCC,161,+,CT,2,50,785,AGTGCAGAGAAAATCGGCCAGTTTTCTCTGCCTGCAGTCCGCATGCCGTAAACTACCTTGGGTTCTAACCTGTGGAACAGATTTATGCAGCGGACTGCCTTTCTCCCAAAGTGATAAACCGGACAGTATCATGGACCGGTTTTCCCGGTAATCCGTATTTACAAGGTTGGTTTCACT,,0.529711,GAGAGggtctcTCCGTAAACTACCTTGGGTTCTAACCTGTGGAACAGATTTATGCAGCGGACTGCCTTTCTCCCAAAGTGATAAACCGGACAGTATCATGGACCGGTTTTCCCGGTAATCCGTATTTACAAGGTTGGTAgagaccGAGAGGACATTGTCCCTGATTTCTCCACTACTAATAGCACACACGGGGCAATACCAGCACAAGCTAGTCTCGCGGGAACGCTCGTCAGCATACGAAAGAGCTTAAGGCACGCCAATTCGCACTGTCAGGGTCACTTGGGTGTTTTGCACTACCGT
11,sfGFP,,ACAGTATCTTGTAT,bridge_IS621_T_sfGFP_12_D_1,GCCAACACTTGTCA,178,+,CT,2,30,603,AGTGCAGAGAAAATCGGCCAGTTTTCTCTGCCTGCAGTCCGCATGCCGTGCCAACACTTGGGTTCTAACCTGTTGACAAGATTTATGCAGCGGACTGCCTTTCTCCCAAAGTGATAAACCGGACAGTATCATGGACCGGTTTTCCCGGTAATCCGTATTTACAAGTGTGGTTTCACT,,0.464471,GAGAGggtctcTCCGTGCCAACACTTGGGTTCTAACCTGTTGACAAGATTTATGCAGCGGACTGCCTTTCTCCCAAAGTGATAAACCGGACAGTATCATGGACCGGTTTTCCCGGTAATCCGTATTTACAAGTGTGGTAgagaccGAGAGGACATTGTCCCTGATTTCTCCACTACTAATAGCACACACGGGGCAATACCAGCACAAGCTAGTCTCGCGGGAACGCTCGTCAGCATACGAAAGAGCTTAAGGCACGCCAATTCGCACTGTCAGGGTCACTTGGGTGTTTTGCACTACCGT
12,sfGFP,,ACAGTATCTTGTAT,bridge_IS621_T_sfGFP_13_D_1,CTTGTCACTACTCT,185,+,CT,0,24,410,AGTGCAGAGAAAATCGGCCAGTTTTCTCTGCCTGCAGTCCGCATGCCGTCTTGTCACTTGGGTTCTAACCTGTAGAGTAGATTTATGCAGCGGACTGCCTTTCTCCCAAAGTGATAAACCGGACAGTATCATGGACCGGTTTTCCCGGTAATCCGTATTTACAAGTGTGGTTTCACT,,0.54359,GAGAGggtctcTCCGTCTTGTCACTTGGGTTCTAACCTGTAGAGTAGATTTATGCAGCGGACTGCCTTTCTCCCAAAGTGATAAACCGGACAGTATCATGGACCGGTTTTCCCGGTAATCCGTATTTACAAGTGTGGTAgagaccGAGAGGACATTGTCCCTGATTTCTCCACTACTAATAGCACACACGGGGCAATACCAGCACAAGCTAGTCTCGCGGGAACGCTCGTCAGCATACGAAAGAGCTTAAGGCACGCCAATTCGCACTGTCAGGGTCACTTGGGTGTTTTGCACTACCGT
13,sfGFP,,ACAGTATCTTGTAT,bridge_IS621_T_sfGFP_14_D_1,GTCACTACTCTGAC,188,+,CT,2,12,441,AGTGCAGAGAAAATCGGCCAGTTTTCTCTGCCTGCAGTCCGCATGCCGTGTCACTACTTGGGTTCTAACCTGTGTCAGAGATTTATGCAGCGGACTGCCTTTCTCCCAAAGTGATAAACCGGACAGTATCATGGACCGGTTTTCCCGGTAATCCGTATTTACAAGTATGGTTTCACT,,0.540171,GAGAGggtctcTCCGTGTCACTACTTGGGTTCTAACCTGTGTCAGAGATTTATGCAGCGGACTGCCTTTCTCCCAAAGTGATAAACCGGACAGTATCATGGACCGGTTTTCCCGGTAATCCGTATTTACAAGTATGGTAgagaccGAGAGGACATTGTCCCTGATTTCTCCACTACTAATAGCACACACGGGGCAATACCAGCACAAGCTAGTCTCGCGGGAACGCTCGTCAGCATACGAAAGAGCTTAAGGCACGCCAATTCGCACTGTCAGGGTCACTTGGGTGTTTTGCACTACCGT
14,sfGFP,,ACAGTATCTTGTAT,bridge_IS621_T_sfGFP_15_D_1,CACTACTCTGACCT,190,+,CT,0,37,624,AGTGCAGAGAAAATCGGCCAGTTTTCTCTGCCTGCAGTCCGCATGCCGTCACTACTCTTGGGTTCTAACCTGTAGGTCAGATTTATGCAGCGGACTGCCTTTCTCCCAAAGTGATAAACCGGACAGTATCATGGACCGGTTTTCCCGGTAATCCGTATTTACAAGAGTGGTTTCACT,,0.594454,GAGAGggtctcTCCGTCACTACTCTTGGGTTCTAACCTGTAGGTCAGATTTATGCAGCGGACTGCCTTTCTCCCAAAGTGATAAACCGGACAGTATCATGGACCGGTTTTCCCGGTAATCCGTATTTACAAGAGTGGTAgagaccGAGAGGACATTGTCCCTGATTTCTCCACTACTAATAGCACACACGGGGCAATACCAGCACAAGCTAGTCTCGCGGGAACGCTCGTCAGCATACGAAAGAGCTTAAGGCACGCCAATTCGCACTGTCAGGGTCACTTGGGTGTTTTGCACTACCGT
15,sfGFP,,ACAGTATCTTGTAT,bridge_IS621_T_sfGFP_16_D_1,CTCTGACCTATGGT,195,+,CT,1,31,415,AGTGCAGAGAAAATCGGCCAGTTTTCTCTGCCTGCAGTCCGCATGCCGTCTCTGACCTTGGGTTCTAACCTGTACCATAGATTTATGCAGCGGACTGCCTTTCTCCCAAAGTGATAAACCGGACAGTATCATGGACCGGTTTTCCCGGTAATCCGTATTTACAAGGTTGGTTTCACT,,0.590361,GAGAGggtctcTCCGTCTCTGACCTTGGGTTCTAACCTGTACCATAGATTTATGCAGCGGACTGCCTTTCTCCCAAAGTGATAAACCGGACAGTATCATGGACCGGTTTTCCCGGTAATCCGTATTTACAAGGTTGGTAgagaccGAGAGGACATTGTCCCTGATTTCTCCACTACTAATAGCACACACGGGGCAATACCAGCACAAGCTAGTCTCGCGGGAACGCTCGTCAGCATACGAAAGAGCTTAAGGCACGCCAATTCGCACTGTCAGGGTCACTTGGGTGTTTTGCACTACCGT
16,sfGFP,,ACAGTATCTTGTAT,bridge_IS621_T_sfGFP_17_D_1,TTCAATGCTTTTCC,210,+,CT,7,91,1194,AGTGCAGAGAAAATCGGCCAGTTTTCTCTGCCTGCAGTCCGCATGCCGTTTCAATGCTTGGGTTCTAACCTGTGGAAAAGATTTATGCAGCGGACTGCCTTTCTCCCAAAGTGATAAACCGGACAGTATCATGGACCGGTTTTCCCGGTAATCCGTATTTACAAGCATGGTTTCACT,,0.60354,GAGAGggtctcTCCGTTTCAATGCTTGGGTTCTAACCTGTGGAAAAGATTTATGCAGCGGACTGCCTTTCTCCCAAAGTGATAAACCGGACAGTATCATGGACCGGTTTTCCCGGTAATCCGTATTTACAAGCATGGTAgagaccGAGAGGACATTGTCCCTGATTTCTCCACTACTAATAGCACACACGGGGCAATACCAGCACAAGCTAGTCTCGCGGGAACGCTCGTCAGCATACGAAAGAGCTTAAGGCACGCCAATTCGCACTGTCAGGGTCACTTGGGTGTTTTGCACTACCGT
17,sfGFP,,ACAGTATCTTGTAT,bridge_IS621_T_sfGFP_18_D_1,GGCATGACTTTTTC,246,+,CT,2,68,930,AGTGCAGAGAAAATCGGCCAGTTTTCTCTGCCTGCAGTCCGCATGCCGTGGCATGACTTGGGTTCTAACCTGTGAAAAAGATTTATGCAGCGGACTGCCTTTCTCCCAAAGTGATAAACCGGACAGTATCATGGACCGGTTTTCCCGGTAATCCGTATTTACAAGTCTGGTTTCACT,,0.277296,GAGAGggtctcTCCGTGGCATGACTTGGGTTCTAACCTGTGAAAAAGATTTATGCAGCGGACTGCCTTTCTCCCAAAGTGATAAACCGGACAGTATCATGGACCGGTTTTCCCGGTAATCCGTATTTACAAGTCTGGTAgagaccGAGAGGACATTGTCCCTGATTTCTCCACTACTAATAGCACACACGGGGCAATACCAGCACAAGCTAGTCTCGCGGGAACGCTCGTCAGCATACGAAAGAGCTTAAGGCACGCCAATTCGCACTGTCAGGGTCACTTGGGTGTTTTGCACTACCGT
18,sfGFP,,ACAGTATCTTGTAT,bridge_IS621_T_sfGFP_19_D_1,GAACGCACTATATC,290,+,CT,9,47,491,AGTGCAGAGAAAATCGGCCAGTTTTCTCTGCCTGCAGTCCGCATGCCGTGAACGCACTTGGGTTCTAACCTGTGATATAGATTTATGCAGCGGACTGCCTTTCTCCCAAAGTGATAAACCGGACAGTATCATGGACCGGTTTTCCCGGTAATCCGTATTTACAAGTGTGGTTTCACT,,0.526316,GAGAGggtctcTCCGTGAACGCACTTGGGTTCTAACCTGTGATATAGATTTATGCAGCGGACTGCCTTTCTCCCAAAGTGATAAACCGGACAGTATCATGGACCGGTTTTCCCGGTAATCCGTATTTACAAGTGTGGTAgagaccGAGAGGACATTGTCCCTGATTTCTCCACTACTAATAGCACACACGGGGCAATACCAGCACAAGCTAGTCTCGCGGGAACGCTCGTCAGCATACGAAAGAGCTTAAGGCACGCCAATTCGCACTGTCAGGGTCACTTGGGTGTTTTGCACTACCGT
19,sfGFP,,ACAGTATCTTGTAT,bridge_IS621_T_sfGFP_20_D_1,ACTATATCTTTCAA,296,+,CT,2,52,896,AGTGCAGAGAAAATCGGCCAGTTTTCTCTGCCTGCAGTCCGCATGCCGTACTATATCTTGGGTTCTAACCTGTTTGAAAGATTTATGCAGCGGACTGCCTTTCTCCCAAAGTGATAAACCGGACAGTATCATGGACCGGTTTTCCCGGTAATCCGTATTTACAAGATTGGTTTCACT,"Target P6-P7 and Donor P6-P7 match, efficiency is unclear. DBL HSG forced to be anti-complementary.",0.538462,GAGAGggtctcTCCGTACTATATCTTGGGTTCTAACCTGTTTGAAAGATTTATGCAGCGGACTGCCTTTCTCCCAAAGTGATAAACCGGACAGTATCATGGACCGGTTTTCCCGGTAATCCGTATTTACAAGATTGGTAgagaccGAGAGGACATTGTCCCTGATTTCTCCACTACTAATAGCACACACGGGGCAATACCAGCACAAGCTAGTCTCGCGGGAACGCTCGTCAGCATACGAAAGAGCTTAAGGCACGCCAATTCGCACTGTCAGGGTCACTTGGGTGTTTTGCACTACCGT
20,sfGFP,,ACAGTATCTTGTAT,bridge_IS621_T_sfGFP_21_D_1,ACGGGACCTACAAG,315,+,CT,0,7,267,AGTGCAGAGAAAATCGGCCAGTTTTCTCTGCCTGCAGTCCGCATGCCGTACGGGACCTTGGGTTCTAACCTGTCTTGTAGATTTATGCAGCGGACTGCCTTTCTCCCAAAGTGATAAACCGGACAGTATCATGGACCGGTTTTCCCGGTAATCCGTATTTACAAGGTTGGTTTCACT,,0.547009,GAGAGggtctcTCCGTACGGGACCTTGGGTTCTAACCTGTCTTGTAGATTTATGCAGCGGACTGCCTTTCTCCCAAAGTGATAAACCGGACAGTATCATGGACCGGTTTTCCCGGTAATCCGTATTTACAAGGTTGGTAgagaccGAGAGGACATTGTCCCTGATTTCTCCACTACTAATAGCACACACGGGGCAATACCAGCACAAGCTAGTCTCGCGGGAACGCTCGTCAGCATACGAAAGAGCTTAAGGCACGCCAATTCGCACTGTCAGGGTCACTTGGGTGTTTTGCACTACCGT
21,sfGFP,,ACAGTATCTTGTAT,bridge_IS621_T_sfGFP_22_D_1,ACGCGTGCTGAAGT,329,+,CT,11,100,1547,AGTGCAGAGAAAATCGGCCAGTTTTCTCTGCCTGCAGTCCGCATGCCGTACGCGTGCTTGGGTTCTAACCTGTACTTCAGATTTATGCAGCGGACTGCCTTTCTCCCAAAGTGATAAACCGGACAGTATCATGGACCGGTTTTCCCGGTAATCCGTATTTACAAGCATGGTTTCACT,,0.588752,GAGAGggtctcTCCGTACGCGTGCTTGGGTTCTAACCTGTACTTCAGATTTATGCAGCGGACTGCCTTTCTCCCAAAGTGATAAACCGGACAGTATCATGGACCGGTTTTCCCGGTAATCCGTATTTACAAGCATGGTAgagaccGAGAGGACATTGTCCCTGATTTCTCCACTACTAATAGCACACACGGGGCAATACCAGCACAAGCTAGTCTCGCGGGAACGCTCGTCAGCATACGAAAGAGCTTAAGGCACGCCAATTCGCACTGTCAGGGTCACTTGGGTGTTTTGCACTACCGT
22,sfGFP,,ACAGTATCTTGTAT,bridge_IS621_T_sfGFP_23_D_1,TGATACCCTTGTTA,355,+,CT,1,39,595,AGTGCAGAGAAAATCGGCCAGTTTTCTCTGCCTGCAGTCCGCATGCCGTTGATACCCTTGGGTTCTAACCTGTTAACAAGATTTATGCAGCGGACTGCCTTTCTCCCAAAGTGATAAACCGGACAGTATCATGGACCGGTTTTCCCGGTAATCCGTATTTACAAGGGTGGTTTCACT,,0.564991,GAGAGggtctcTCCGTTGATACCCTTGGGTTCTAACCTGTTAACAAGATTTATGCAGCGGACTGCCTTTCTCCCAAAGTGATAAACCGGACAGTATCATGGACCGGTTTTCCCGGTAATCCGTATTTACAAGGGTGGTAgagaccGAGAGGACATTGTCCCTGATTTCTCCACTACTAATAGCACACACGGGGCAATACCAGCACAAGCTAGTCTCGCGGGAACGCTCGTCAGCATACGAAAGAGCTTAAGGCACGCCAATTCGCACTGTCAGGGTCACTTGGGTGTTTTGCACTACCGT
23,sfGFP,,ACAGTATCTTGTAT,bridge_IS621_T_sfGFP_24_D_1,AAACATTCTTGGAC,409,+,CT,1,51,643,AGTGCAGAGAAAATCGGCCAGTTTTCTCTGCCTGCAGTCCGCATGCCGTAAACATTCTTGGGTTCTAACCTGTGTCCAAGATTTATGCAGCGGACTGCCTTTCTCCCAAAGTGATAAACCGGACAGTATCATGGACCGGTTTTCCCGGTAATCCGTATTTACAAGAATGGTTTCACT,,0.360684,GAGAGggtctcTCCGTAAACATTCTTGGGTTCTAACCTGTGTCCAAGATTTATGCAGCGGACTGCCTTTCTCCCAAAGTGATAAACCGGACAGTATCATGGACCGGTTTTCCCGGTAATCCGTATTTACAAGAATGGTAgagaccGAGAGGACATTGTCCCTGATTTCTCCACTACTAATAGCACACACGGGGCAATACCAGCACAAGCTAGTCTCGCGGGAACGCTCGTCAGCATACGAAAGAGCTTAAGGCACGCCAATTCGCACTGTCAGGGTCACTTGGGTGTTTTGCACTACCGT
24,sfGFP,,ACAGTATCTTGTAT,bridge_IS621_T_sfGFP_25_D_1,ACACAAACTCGAGT,421,+,CT,1,37,544,AGTGCAGAGAAAATCGGCCAGTTTTCTCTGCCTGCAGTCCGCATGCCGTACACAAACTTGGGTTCTAACCTGTACTCGAGATTTATGCAGCGGACTGCCTTTCTCCCAAAGTGATAAACCGGACAGTATCATGGACCGGTTTTCCCGGTAATCCGTATTTACAAGTTTGGTTTCACT,,0.363484,GAGAGggtctcTCCGTACACAAACTTGGGTTCTAACCTGTACTCGAGATTTATGCAGCGGACTGCCTTTCTCCCAAAGTGATAAACCGGACAGTATCATGGACCGGTTTTCCCGGTAATCCGTATTTACAAGTTTGGTAgagaccGAGAGGACATTGTCCCTGATTTCTCCACTACTAATAGCACACACGGGGCAATACCAGCACAAGCTAGTCTCGCGGGAACGCTCGTCAGCATACGAAAGAGCTTAAGGCACGCCAATTCGCACTGTCAGGGTCACTTGGGTGTTTTGCACTACCGT
25,sfGFP,,ACAGTATCTTGTAT,bridge_IS621_T_sfGFP_26_D_1,AGTACAACTTTAAC,432,+,CT,2,39,665,AGTGCAGAGAAAATCGGCCAGTTTTCTCTGCCTGCAGTCCGCATGCCGTAGTACAACTTGGGTTCTAACCTGTGTTAAAGATTTATGCAGCGGACTGCCTTTCTCCCAAAGTGATAAACCGGACAGTATCATGGACCGGTTTTCCCGGTAATCCGTATTTACAAGTTTGGTTTCACT,,0.536752,GAGAGggtctcTCCGTAGTACAACTTGGGTTCTAACCTGTGTTAAAGATTTATGCAGCGGACTGCCTTTCTCCCAAAGTGATAAACCGGACAGTATCATGGACCGGTTTTCCCGGTAATCCGTATTTACAAGTTTGGTAgagaccGAGAGGACATTGTCCCTGATTTCTCCACTACTAATAGCACACACGGGGCAATACCAGCACAAGCTAGTCTCGCGGGAACGCTCGTCAGCATACGAAAGAGCTTAAGGCACGCCAATTCGCACTGTCAGGGTCACTTGGGTGTTTTGCACTACCGT
26,sfGFP,,ACAGTATCTTGTAT,bridge_IS621_T_sfGFP_27_D_1,ACTTTAACTCACAC,438,+,CT,2,32,518,AGTGCAGAGAAAATCGGCCAGTTTTCTCTGCCTGCAGTCCGCATGCCGTACTTTAACTTGGGTTCTAACCTGTGTGTGAGATTTATGCAGCGGACTGCCTTTCTCCCAAAGTGATAAACCGGACAGTATCATGGACCGGTTTTCCCGGTAATCCGTATTTACAAGTTTGGTTTCACT,,0.512648,GAGAGggtctcTCCGTACTTTAACTTGGGTTCTAACCTGTGTGTGAGATTTATGCAGCGGACTGCCTTTCTCCCAAAGTGATAAACCGGACAGTATCATGGACCGGTTTTCCCGGTAATCCGTATTTACAAGTTTGGTAgagaccGAGAGGACATTGTCCCTGATTTCTCCACTACTAATAGCACACACGGGGCAATACCAGCACAAGCTAGTCTCGCGGGAACGCTCGTCAGCATACGAAAGAGCTTAAGGCACGCCAATTCGCACTGTCAGGGTCACTTGGGTGTTTTGCACTACCGT
27,sfGFP,,ACAGTATCTTGTAT,bridge_IS621_T_sfGFP_28_D_1,ATCAAAGCTAACTT,488,+,CT,1,58,565,AGTGCAGAGAAAATCGGCCAGTTTTCTCTGCCTGCAGTCCGCATGCCGTATCAAAGCTTGGGTTCTAACCTGTAAGTTAGATTTATGCAGCGGACTGCCTTTCTCCCAAAGTGATAAACCGGACAGTATCATGGACCGGTTTTCCCGGTAATCCGTATTTACAAGCTTGGTTTCACT,,0.54188,GAGAGggtctcTCCGTATCAAAGCTTGGGTTCTAACCTGTAAGTTAGATTTATGCAGCGGACTGCCTTTCTCCCAAAGTGATAAACCGGACAGTATCATGGACCGGTTTTCCCGGTAATCCGTATTTACAAGCTTGGTAgagaccGAGAGGACATTGTCCCTGATTTCTCCACTACTAATAGCACACACGGGGCAATACCAGCACAAGCTAGTCTCGCGGGAACGCTCGTCAGCATACGAAAGAGCTTAAGGCACGCCAATTCGCACTGTCAGGGTCACTTGGGTGTTTTGCACTACCGT
28,sfGFP,,ACAGTATCTTGTAT,bridge_IS621_T_sfGFP_29_D_1,AAGCTAACTTCAAA,492,+,CT,0,52,603,AGTGCAGAGAAAATCGGCCAGTTTTCTCTGCCTGCAGTCCGCATGCCGTAAGCTAACTTGGGTTCTAACCTGTTTTGAAGATTTATGCAGCGGACTGCCTTTCTCCCAAAGTGATAAACCGGACAGTATCATGGACCGGTTTTCCCGGTAATCCGTATTTACAAGTTTGGTTTCACT,,0.492512,GAGAGggtctcTCCGTAAGCTAACTTGGGTTCTAACCTGTTTTGAAGATTTATGCAGCGGACTGCCTTTCTCCCAAAGTGATAAACCGGACAGTATCATGGACCGGTTTTCCCGGTAATCCGTATTTACAAGTTTGGTAgagaccGAGAGGACATTGTCCCTGATTTCTCCACTACTAATAGCACACACGGGGCAATACCAGCACAAGCTAGTCTCGCGGGAACGCTCGTCAGCATACGAAAGAGCTTAAGGCACGCCAATTCGCACTGTCAGGGTCACTTGGGTGTTTTGCACTACCGT
29,sfGFP,,ACAGTATCTTGTAT,bridge_IS621_T_sfGFP_30_D_1,CGTTCAACTAGCAG,532,+,CT,1,7,295,AGTGCAGAGAAAATCGGCCAGTTTTCTCTGCCTGCAGTCCGCATGCCGTCGTTCAACTTGGGTTCTAACCTGTCTGCTAGATTTATGCAGCGGACTGCCTTTCTCCCAAAGTGATAAACCGGACAGTATCATGGACCGGTTTTCCCGGTAATCCGTATTTACAAGTTTGGTTTCACT,,0.524618,GAGAGggtctcTCCGTCGTTCAACTTGGGTTCTAACCTGTCTGCTAGATTTATGCAGCGGACTGCCTTTCTCCCAAAGTGATAAACCGGACAGTATCATGGACCGGTTTTCCCGGTAATCCGTATTTACAAGTTTGGTAgagaccGAGAGGACATTGTCCCTGATTTCTCCACTACTAATAGCACACACGGGGCAATACCAGCACAAGCTAGTCTCGCGGGAACGCTCGTCAGCATACGAAAGAGCTTAAGGCACGCCAATTCGCACTGTCAGGGTCACTTGGGTGTTTTGCACTACCGT
30,sfGFP,,ACAGTATCTTGTAT,bridge_IS621_T_sfGFP_31_D_1,CAAAATACTCCAAT,557,+,CT,1,46,678,AGTGCAGAGAAAATCGGCCAGTTTTCTCTGCCTGCAGTCCGCATGCCGTCAAAATACTTGGGTTCTAACCTGTATTGGAGATTTATGCAGCGGACTGCCTTTCTCCCAAAGTGATAAACCGGACAGTATCATGGACCGGTTTTCCCGGTAATCCGTATTTACAAGTATGGTTTCACT,,0.524618,GAGAGggtctcTCCGTCAAAATACTTGGGTTCTAACCTGTATTGGAGATTTATGCAGCGGACTGCCTTTCTCCCAAAGTGATAAACCGGACAGTATCATGGACCGGTTTTCCCGGTAATCCGTATTTACAAGTATGGTAgagaccGAGAGGACATTGTCCCTGATTTCTCCACTACTAATAGCACACACGGGGCAATACCAGCACAAGCTAGTCTCGCGGGAACGCTCGTCAGCATACGAAAGAGCTTAAGGCACGCCAATTCGCACTGTCAGGGTCACTTGGGTGTTTTGCACTACCGT
31,sfGFP,,ACAGTATCTTGTAT,bridge_IS621_T_sfGFP_32_D_1,GATGGCCCTGTCCT,575,+,CT,0,67,834,AGTGCAGAGAAAATCGGCCAGTTTTCTCTGCCTGCAGTCCGCATGCCGTGATGGCCCTTGGGTTCTAACCTGTAGGACAGATTTATGCAGCGGACTGCCTTTCTCCCAAAGTGATAAACCGGACAGTATCATGGACCGGTTTTCCCGGTAATCCGTATTTACAAGGGTGGTTTCACT,,0.561969,GAGAGggtctcTCCGTGATGGCCCTTGGGTTCTAACCTGTAGGACAGATTTATGCAGCGGACTGCCTTTCTCCCAAAGTGATAAACCGGACAGTATCATGGACCGGTTTTCCCGGTAATCCGTATTTACAAGGGTGGTAgagaccGAGAGGACATTGTCCCTGATTTCTCCACTACTAATAGCACACACGGGGCAATACCAGCACAAGCTAGTCTCGCGGGAACGCTCGTCAGCATACGAAAGAGCTTAAGGCACGCCAATTCGCACTGTCAGGGTCACTTGGGTGTTTTGCACTACCGT
32,sfGFP,,ACAGTATCTTGTAT,bridge_IS621_T_sfGFP_33_D_1,CCCTGTCCTTTTAC,580,+,CT,0,46,685,AGTGCAGAGAAAATCGGCCAGTTTTCTCTGCCTGCAGTCCGCATGCCGTCCCTGTCCTTGGGTTCTAACCTGTGTAAAAGATTTATGCAGCGGACTGCCTTTCTCCCAAAGTGATAAACCGGACAGTATCATGGACCGGTTTTCCCGGTAATCCGTATTTACAAGGATGGTTTCACT,,0.0790861,GAGAGggtctcTCCGTCCCTGTCCTTGGGTTCTAACCTGTGTAAAAGATTTATGCAGCGGACTGCCTTTCTCCCAAAGTGATAAACCGGACAGTATCATGGACCGGTTTTCCCGGTAATCCGTATTTACAAGGATGGTAgagaccGAGAGGACATTGTCCCTGATTTCTCCACTACTAATAGCACACACGGGGCAATACCAGCACAAGCTAGTCTCGCGGGAACGCTCGTCAGCATACGAAAGAGCTTAAGGCACGCCAATTCGCACTGTCAGGGTCACTTGGGTGTTTTGCACTACCGT
33,sfGFP,,ACAGTATCTTGTAT,bridge_IS621_T_sfGFP_34_D_1,CCATTACCTGTCGA,601,+,CT,4,84,1040,AGTGCAGAGAAAATCGGCCAGTTTTCTCTGCCTGCAGTCCGCATGCCGTCCATTACCTTGGGTTCTAACCTGTTCGACAGATTTATGCAGCGGACTGCCTTTCTCCCAAAGTGATAAACCGGACAGTATCATGGACCGGTTTTCCCGGTAATCCGTATTTACAAGGTTGGTTTCACT,,0.233743,GAGAGggtctcTCCGTCCATTACCTTGGGTTCTAACCTGTTCGACAGATTTATGCAGCGGACTGCCTTTCTCCCAAAGTGATAAACCGGACAGTATCATGGACCGGTTTTCCCGGTAATCCGTATTTACAAGGTTGGTAgagaccGAGAGGACATTGTCCCTGATTTCTCCACTACTAATAGCACACACGGGGCAATACCAGCACAAGCTAGTCTCGCGGGAACGCTCGTCAGCATACGAAAGAGCTTAAGGCACGCCAATTCGCACTGTCAGGGTCACTTGGGTGTTTTGCACTACCGT
34,sfGFP,,ACAGTATCTTGTAT,bridge_IS621_T_sfGFP_35_D_1,ACACAATCTGTCCT,614,+,CT,1,42,696,AGTGCAGAGAAAATCGGCCAGTTTTCTCTGCCTGCAGTCCGCATGCCGTACACAATCTTGGGTTCTAACCTGTAGGACAGATTTATGCAGCGGACTGCCTTTCTCCCAAAGTGATAAACCGGACAGTATCATGGACCGGTTTTCCCGGTAATCCGTATTTACAAGATTGGTTTCACT,"Target P6-P7 and Donor P6-P7 match, efficiency is unclear. DBL HSG forced to be anti-complementary.",0.372681,GAGAGggtctcTCCGTACACAATCTTGGGTTCTAACCTGTAGGACAGATTTATGCAGCGGACTGCCTTTCTCCCAAAGTGATAAACCGGACAGTATCATGGACCGGTTTTCCCGGTAATCCGTATTTACAAGATTGGTAgagaccGAGAGGACATTGTCCCTGATTTCTCCACTACTAATAGCACACACGGGGCAATACCAGCACAAGCTAGTCTCGCGGGAACGCTCGTCAGCATACGAAAGAGCTTAAGGCACGCCAATTCGCACTGTCAGGGTCACTTGGGTGTTTTGCACTACCGT
35,sfGFP,,ACAGTATCTTGTAT,bridge_IS621_T_sfGFP_36_D_1,ATCTGTCCTTTCGA,619,+,CT,4,49,811,AGTGCAGAGAAAATCGGCCAGTTTTCTCTGCCTGCAGTCCGCATGCCGTATCTGTCCTTGGGTTCTAACCTGTTCGAAAGATTTATGCAGCGGACTGCCTTTCTCCCAAAGTGATAAACCGGACAGTATCATGGACCGGTTTTCCCGGTAATCCGTATTTACAAGGATGGTTTCACT,,0.590361,GAGAGggtctcTCCGTATCTGTCCTTGGGTTCTAACCTGTTCGAAAGATTTATGCAGCGGACTGCCTTTCTCCCAAAGTGATAAACCGGACAGTATCATGGACCGGTTTTCCCGGTAATCCGTATTTACAAGGATGGTAgagaccGAGAGGACATTGTCCCTGATTTCTCCACTACTAATAGCACACACGGGGCAATACCAGCACAAGCTAGTCTCGCGGGAACGCTCGTCAGCATACGAAAGAGCTTAAGGCACGCCAATTCGCACTGTCAGGGTCACTTGGGTGTTTTGCACTACCGT
36,sfGFP,,ACAGTATCTTGTAT,bridge_IS621_T_sfGFP_37_D_1,CATGGTCCTTCTTG,658,+,CT,0,17,440,AGTGCAGAGAAAATCGGCCAGTTTTCTCTGCCTGCAGTCCGCATGCCGTCATGGTCCTTGGGTTCTAACCTGTCAAGAAGATTTATGCAGCGGACTGCCTTTCTCCCAAAGTGATAAACCGGACAGTATCATGGACCGGTTTTCCCGGTAATCCGTATTTACAAGGATGGTTTCACT,,0.488812,GAGAGggtctcTCCGTCATGGTCCTTGGGTTCTAACCTGTCAAGAAGATTTATGCAGCGGACTGCCTTTCTCCCAAAGTGATAAACCGGACAGTATCATGGACCGGTTTTCCCGGTAATCCGTATTTACAAGGATGGTAgagaccGAGAGGACATTGTCCCTGATTTCTCCACTACTAATAGCACACACGGGGCAATACCAGCACAAGCTAGTCTCGCGGGAACGCTCGTCAGCATACGAAAGAGCTTAAGGCACGCCAATTCGCACTGTCAGGGTCACTTGGGTGTTTTGCACTACCGT
37,sfGFP,,ACAGTATCTTGTAT,bridge_IS621_T_sfGFP_38_D_1,GGTCCTTCTTGAGT,661,+,CT,0,13,342,AGTGCAGAGAAAATCGGCCAGTTTTCTCTGCCTGCAGTCCGCATGCCGTGGTCCTTCTTGGGTTCTAACCTGTACTCAAGATTTATGCAGCGGACTGCCTTTCTCCCAAAGTGATAAACCGGACAGTATCATGGACCGGTTTTCCCGGTAATCCGTATTTACAAGAATGGTTTCACT,,0.394872,GAGAGggtctcTCCGTGGTCCTTCTTGGGTTCTAACCTGTACTCAAGATTTATGCAGCGGACTGCCTTTCTCCCAAAGTGATAAACCGGACAGTATCATGGACCGGTTTTCCCGGTAATCCGTATTTACAAGAATGGTAgagaccGAGAGGACATTGTCCCTGATTTCTCCACTACTAATAGCACACACGGGGCAATACCAGCACAAGCTAGTCTCGCGGGAACGCTCGTCAGCATACGAAAGAGCTTAAGGCACGCCAATTCGCACTGTCAGGGTCACTTGGGTGTTTTGCACTACCGT
38,sfGFP,,ACAGTATCTTGTAT,bridge_IS621_T_sfGFP_39_D_1,TTTGTAACTGCTGC,674,+,CT,4,48,859,AGTGCAGAGAAAATCGGCCAGTTTTCTCTGCCTGCAGTCCGCATGCCGTTTTGTAACTTGGGTTCTAACCTGTGCAGCAGATTTATGCAGCGGACTGCCTTTCTCCCAAAGTGATAAACCGGACAGTATCATGGACCGGTTTTCCCGGTAATCCGTATTTACAAGTTTGGTTTCACT,,0.540171,GAGAGggtctcTCCGTTTTGTAACTTGGGTTCTAACCTGTGCAGCAGATTTATGCAGCGGACTGCCTTTCTCCCAAAGTGATAAACCGGACAGTATCATGGACCGGTTTTCCCGGTAATCCGTATTTACAAGTTTGGTAgagaccGAGAGGACATTGTCCCTGATTTCTCCACTACTAATAGCACACACGGGGCAATACCAGCACAAGCTAGTCTCGCGGGAACGCTCGTCAGCATACGAAAGAGCTTAAGGCACGCCAATTCGCACTGTCAGGGTCACTTGGGTGTTTTGCACTACCGT
39,sfGFP,,ACAGTATCTTGTAT,bridge_IS621_T_sfGFP_40_D_1,GTAACTGCTGCTGG,677,+,CT,3,125,1635,AGTGCAGAGAAAATCGGCCAGTTTTCTCTGCCTGCAGTCCGCATGCCGTGTAACTGCTTGGGTTCTAACCTGTCCAGCAGATTTATGCAGCGGACTGCCTTTCTCCCAAAGTGATAAACCGGACAGTATCATGGACCGGTTTTCCCGGTAATCCGTATTTACAAGCATGGTTTCACT,,0.569231,GAGAGggtctcTCCGTGTAACTGCTTGGGTTCTAACCTGTCCAGCAGATTTATGCAGCGGACTGCCTTTCTCCCAAAGTGATAAACCGGACAGTATCATGGACCGGTTTTCCCGGTAATCCGTATTTACAAGCATGGTAgagaccGAGAGGACATTGTCCCTGATTTCTCCACTACTAATAGCACACACGGGGCAATACCAGCACAAGCTAGTCTCGCGGGAACGCTCGTCAGCATACGAAAGAGCTTAAGGCACGCCAATTCGCACTGTCAGGGTCACTTGGGTGTTTTGCACTACCGT
40,sfGFP,,ACAGTATCTTGTAT,bridge_IS621_T_sfGFP_41_D_1,ACTGCTGCTGGGAT,680,+,CT,25,282,2531,AGTGCAGAGAAAATCGGCCAGTTTTCTCTGCCTGCAGTCCGCATGCCGTACTGCTGCTTGGGTTCTAACCTGTATCCCAGATTTATGCAGCGGACTGCCTTTCTCCCAAAGTGATAAACCGGACAGTATCATGGACCGGTTTTCCCGGTAATCCGTATTTACAAGCATGGTTTCACT,,0.419411,GAGAGggtctcTCCGTACTGCTGCTTGGGTTCTAACCTGTATCCCAGATTTATGCAGCGGACTGCCTTTCTCCCAAAGTGATAAACCGGACAGTATCATGGACCGGTTTTCCCGGTAATCCGTATTTACAAGCATGGTAgagaccGAGAGGACATTGTCCCTGATTTCTCCACTACTAATAGCACACACGGGGCAATACCAGCACAAGCTAGTCTCGCGGGAACGCTCGTCAGCATACGAAAGAGCTTAAGGCACGCCAATTCGCACTGTCAGGGTCACTTGGGTGTTTTGCACTACCGT
41,sfGFP,,ACAGTATCTTGTAT,bridge_IS621_T_sfGFP_42_D_1,GGATGAGCTCTACA,706,+,CT,1,27,565,AGTGCAGAGAAAATCGGCCAGTTTTCTCTGCCTGCAGTCCGCATGCCGTGGATGAGCTTGGGTTCTAACCTGTTGTAGAGATTTATGCAGCGGACTGCCTTTCTCCCAAAGTGATAAACCGGACAGTATCATGGACCGGTTTTCCCGGTAATCCGTATTTACAAGCTTGGTTTCACT,,0.558574,GAGAGggtctcTCCGTGGATGAGCTTGGGTTCTAACCTGTTGTAGAGATTTATGCAGCGGACTGCCTTTCTCCCAAAGTGATAAACCGGACAGTATCATGGACCGGTTTTCCCGGTAATCCGTATTTACAAGCTTGGTAgagaccGAGAGGACATTGTCCCTGATTTCTCCACTACTAATAGCACACACGGGGCAATACCAGCACAAGCTAGTCTCGCGGGAACGCTCGTCAGCATACGAAAGAGCTTAAGGCACGCCAATTCGCACTGTCAGGGTCACTTGGGTGTTTTGCACTACCGT
42,sfGFP,,ACAGTATCTTGTAT,bridge_IS621_T_sfGFP_43_D_1,TCTTCTCCTTTGCT,9,-,CT,5,108,1181,AGTGCAGAGAAAATCGGCCAGTTTTCTCTGCCTGCAGTCCGCATGCCGTTCTTCTCCTTGGGTTCTAACCTGTAGCAAAGATTTATGCAGCGGACTGCCTTTCTCCCAAAGTGATAAACCGGACAGTATCATGGACCGGTTTTCCCGGTAATCCGTATTTACAAGGATGGTTTCACT,,0.61082,GAGAGggtctcTCCGTTCTTCTCCTTGGGTTCTAACCTGTAGCAAAGATTTATGCAGCGGACTGCCTTTCTCCCAAAGTGATAAACCGGACAGTATCATGGACCGGTTTTCCCGGTAATCCGTATTTACAAGGATGGTAgagaccGAGAGGACATTGTCCCTGATTTCTCCACTACTAATAGCACACACGGGGCAATACCAGCACAAGCTAGTCTCGCGGGAACGCTCGTCAGCATACGAAAGAGCTTAAGGCACGCCAATTCGCACTGTCAGGGTCACTTGGGTGTTTTGCACTACCGT
43,sfGFP,,ACAGTATCTTGTAT,bridge_IS621_T_sfGFP_44_D_1,AGTTCTTCTCCTTT,12,-,CT,1,50,843,AGTGCAGAGAAAATCGGCCAGTTTTCTCTGCCTGCAGTCCGCATGCCGTAGTTCTTCTTGGGTTCTAACCTGTAAAGGAGATTTATGCAGCGGACTGCCTTTCTCCCAAAGTGATAAACCGGACAGTATCATGGACCGGTTTTCCCGGTAATCCGTATTTACAAGAATGGTTTCACT,,0.514334,GAGAGggtctcTCCGTAGTTCTTCTTGGGTTCTAACCTGTAAAGGAGATTTATGCAGCGGACTGCCTTTCTCCCAAAGTGATAAACCGGACAGTATCATGGACCGGTTTTCCCGGTAATCCGTATTTACAAGAATGGTAgagaccGAGAGGACATTGTCCCTGATTTCTCCACTACTAATAGCACACACGGGGCAATACCAGCACAAGCTAGTCTCGCGGGAACGCTCGTCAGCATACGAAAGAGCTTAAGGCACGCCAATTCGCACTGTCAGGGTCACTTGGGTGTTTTGCACTACCGT
44,sfGFP,,ACAGTATCTTGTAT,bridge_IS621_T_sfGFP_45_D_1,AAAAGTTCTTCTCC,15,-,CT,0,70,901,AGTGCAGAGAAAATCGGCCAGTTTTCTCTGCCTGCAGTCCGCATGCCGTAAAAGTTCTTGGGTTCTAACCTGTGGAGAAGATTTATGCAGCGGACTGCCTTTCTCCCAAAGTGATAAACCGGACAGTATCATGGACCGGTTTTCCCGGTAATCCGTATTTACAAGAATGGTTTCACT,,0.529711,GAGAGggtctcTCCGTAAAAGTTCTTGGGTTCTAACCTGTGGAGAAGATTTATGCAGCGGACTGCCTTTCTCCCAAAGTGATAAACCGGACAGTATCATGGACCGGTTTTCCCGGTAATCCGTATTTACAAGAATGGTAgagaccGAGAGGACATTGTCCCTGATTTCTCCACTACTAATAGCACACACGGGGCAATACCAGCACAAGCTAGTCTCGCGGGAACGCTCGTCAGCATACGAAAGAGCTTAAGGCACGCCAATTCGCACTGTCAGGGTCACTTGGGTGTTTTGCACTACCGT
45,sfGFP,,ACAGTATCTTGTAT,bridge_IS621_T_sfGFP_46_D_1,GGGACAACTCCAGT,30,-,CT,0,20,417,AGTGCAGAGAAAATCGGCCAGTTTTCTCTGCCTGCAGTCCGCATGCCGTGGGACAACTTGGGTTCTAACCTGTACTGGAGATTTATGCAGCGGACTGCCTTTCTCCCAAAGTGATAAACCGGACAGTATCATGGACCGGTTTTCCCGGTAATCCGTATTTACAAGTTTGGTTTCACT,,0.370995,GAGAGggtctcTCCGTGGGACAACTTGGGTTCTAACCTGTACTGGAGATTTATGCAGCGGACTGCCTTTCTCCCAAAGTGATAAACCGGACAGTATCATGGACCGGTTTTCCCGGTAATCCGTATTTACAAGTTTGGTAgagaccGAGAGGACATTGTCCCTGATTTCTCCACTACTAATAGCACACACGGGGCAATACCAGCACAAGCTAGTCTCGCGGGAACGCTCGTCAGCATACGAAAGAGCTTAAGGCACGCCAATTCGCACTGTCAGGGTCACTTGGGTGTTTTGCACTACCGT
46,sfGFP,,ACAGTATCTTGTAT,bridge_IS621_T_sfGFP_47_D_1,TCACCATCTAATTC,54,-,CT,0,36,501,AGTGCAGAGAAAATCGGCCAGTTTTCTCTGCCTGCAGTCCGCATGCCGTTCACCATCTTGGGTTCTAACCTGTGAATTAGATTTATGCAGCGGACTGCCTTTCTCCCAAAGTGATAAACCGGACAGTATCATGGACCGGTTTTCCCGGTAATCCGTATTTACAAGATTGGTTTCACT,"Target P6-P7 and Donor P6-P7 match, efficiency is unclear. DBL HSG forced to be anti-complementary.",0.561525,GAGAGggtctcTCCGTTCACCATCTTGGGTTCTAACCTGTGAATTAGATTTATGCAGCGGACTGCCTTTCTCCCAAAGTGATAAACCGGACAGTATCATGGACCGGTTTTCCCGGTAATCCGTATTTACAAGATTGGTAgagaccGAGAGGACATTGTCCCTGATTTCTCCACTACTAATAGCACACACGGGGCAATACCAGCACAAGCTAGTCTCGCGGGAACGCTCGTCAGCATACGAAAGAGCTTAAGGCACGCCAATTCGCACTGTCAGGGTCACTTGGGTGTTTTGCACTACCGT
47,sfGFP,,ACAGTATCTTGTAT,bridge_IS621_T_sfGFP_48_D_1,TCACCCTCTCCACG,93,-,CT,5,72,691,AGTGCAGAGAAAATCGGCCAGTTTTCTCTGCCTGCAGTCCGCATGCCGTTCACCCTCTTGGGTTCTAACCTGTCGTGGAGATTTATGCAGCGGACTGCCTTTCTCCCAAAGTGATAAACCGGACAGTATCATGGACCGGTTTTCCCGGTAATCCGTATTTACAAGAGTGGTTTCACT,,0.297012,GAGAGggtctcTCCGTTCACCCTCTTGGGTTCTAACCTGTCGTGGAGATTTATGCAGCGGACTGCCTTTCTCCCAAAGTGATAAACCGGACAGTATCATGGACCGGTTTTCCCGGTAATCCGTATTTACAAGAGTGGTAgagaccGAGAGGACATTGTCCCTGATTTCTCCACTACTAATAGCACACACGGGGCAATACCAGCACAAGCTAGTCTCGCGGGAACGCTCGTCAGCATACGAAAGAGCTTAAGGCACGCCAATTCGCACTGTCAGGGTCACTTGGGTGTTTTGCACTACCGT
48,sfGFP,,ACAGTATCTTGTAT,bridge_IS621_T_sfGFP_49_D_1,CTTCACCCTCTCCA,95,-,CT,4,46,634,AGTGCAGAGAAAATCGGCCAGTTTTCTCTGCCTGCAGTCCGCATGCCGTCTTCACCCTTGGGTTCTAACCTGTTGGAGAGATTTATGCAGCGGACTGCCTTTCTCCCAAAGTGATAAACCGGACAGTATCATGGACCGGTTTTCCCGGTAATCCGTATTTACAAGGGTGGTTTCACT,,0.574359,GAGAGggtctcTCCGTCTTCACCCTTGGGTTCTAACCTGTTGGAGAGATTTATGCAGCGGACTGCCTTTCTCCCAAAGTGATAAACCGGACAGTATCATGGACCGGTTTTCCCGGTAATCCGTATTTACAAGGGTGGTAgagaccGAGAGGACATTGTCCCTGATTTCTCCACTACTAATAGCACACACGGGGCAATACCAGCACAAGCTAGTCTCGCGGGAACGCTCGTCAGCATACGAAAGAGCTTAAGGCACGCCAATTCGCACTGTCAGGGTCACTTGGGTGTTTTGCACTACCGT
49,sfGFP,,ACAGTATCTTGTAT,bridge_IS621_T_sfGFP_50_D_1,GCATCACCTTCACC,102,-,CT,7,153,1626,AGTGCAGAGAAAATCGGCCAGTTTTCTCTGCCTGCAGTCCGCATGCCGTGCATCACCTTGGGTTCTAACCTGTGGTGAAGATTTATGCAGCGGACTGCCTTTCTCCCAAAGTGATAAACCGGACAGTATCATGGACCGGTTTTCCCGGTAATCCGTATTTACAAGGTTGGTTTCACT,,0.566724,GAGAGggtctcTCCGTGCATCACCTTGGGTTCTAACCTGTGGTGAAGATTTATGCAGCGGACTGCCTTTCTCCCAAAGTGATAAACCGGACAGTATCATGGACCGGTTTTCCCGGTAATCCGTATTTACAAGGTTGGTAgagaccGAGAGGACATTGTCCCTGATTTCTCCACTACTAATAGCACACACGGGGCAATACCAGCACAAGCTAGTCTCGCGGGAACGCTCGTCAGCATACGAAAGAGCTTAAGGCACGCCAATTCGCACTGTCAGGGTCACTTGGGTGTTTTGCACTACCGT
50,sfGFP,,ACAGTATCTTGTAT,bridge_IS621_T_sfGFP_51_D_1,TGGCACTCTTGAAA,254,-,CT,0,39,579,AGTGCAGAGAAAATCGGCCAGTTTTCTCTGCCTGCAGTCCGCATGCCGTTGGCACTCTTGGGTTCTAACCTGTTTTCAAGATTTATGCAGCGGACTGCCTTTCTCCCAAAGTGATAAACCGGACAGTATCATGGACCGGTTTTCCCGGTAATCCGTATTTACAAGAGTGGTTTCACT,,0.258348,GAGAGggtctcTCCGTTGGCACTCTTGGGTTCTAACCTGTTTTCAAGATTTATGCAGCGGACTGCCTTTCTCCCAAAGTGATAAACCGGACAGTATCATGGACCGGTTTTCCCGGTAATCCGTATTTACAAGAGTGGTAgagaccGAGAGGACATTGTCCCTGATTTCTCCACTACTAATAGCACACACGGGGCAATACCAGCACAAGCTAGTCTCGCGGGAACGCTCGTCAGCATACGAAAGAGCTTAAGGCACGCCAATTCGCACTGTCAGGGTCACTTGGGTGTTTTGCACTACCGT
51,sfGFP,,ACAGTATCTTGTAT,bridge_IS621_T_sfGFP_52_D_1,CATGGCACTCTTGA,256,-,CT,0,33,535,AGTGCAGAGAAAATCGGCCAGTTTTCTCTGCCTGCAGTCCGCATGCCGTCATGGCACTTGGGTTCTAACCTGTTCAAGAGATTTATGCAGCGGACTGCCTTTCTCCCAAAGTGATAAACCGGACAGTATCATGGACCGGTTTTCCCGGTAATCCGTATTTACAAGTGTGGTTTCACT,,0.528014,GAGAGggtctcTCCGTCATGGCACTTGGGTTCTAACCTGTTCAAGAGATTTATGCAGCGGACTGCCTTTCTCCCAAAGTGATAAACCGGACAGTATCATGGACCGGTTTTCCCGGTAATCCGTATTTACAAGTGTGGTAgagaccGAGAGGACATTGTCCCTGATTTCTCCACTACTAATAGCACACACGGGGCAATACCAGCACAAGCTAGTCTCGCGGGAACGCTCGTCAGCATACGAAAGAGCTTAAGGCACGCCAATTCGCACTGTCAGGGTCACTTGGGTGTTTTGCACTACCGT
52,sfGFP,,ACAGTATCTTGTAT,bridge_IS621_T_sfGFP_53_D_1,ACATAACCTTCGGG,270,-,CT,1,83,990,AGTGCAGAGAAAATCGGCCAGTTTTCTCTGCCTGCAGTCCGCATGCCGTACATAACCTTGGGTTCTAACCTGTCCCGAAGATTTATGCAGCGGACTGCCTTTCTCCCAAAGTGATAAACCGGACAGTATCATGGACCGGTTTTCCCGGTAATCCGTATTTACAAGGTTGGTTTCACT,,0.407917,GAGAGggtctcTCCGTACATAACCTTGGGTTCTAACCTGTCCCGAAGATTTATGCAGCGGACTGCCTTTCTCCCAAAGTGATAAACCGGACAGTATCATGGACCGGTTTTCCCGGTAATCCGTATTTACAAGGTTGGTAgagaccGAGAGGACATTGTCCCTGATTTCTCCACTACTAATAGCACACACGGGGCAATACCAGCACAAGCTAGTCTCGCGGGAACGCTCGTCAGCATACGAAAGAGCTTAAGGCACGCCAATTCGCACTGTCAGGGTCACTTGGGTGTTTTGCACTACCGT
53,sfGFP,,ACAGTATCTTGTAT,bridge_IS621_T_sfGFP_54_D_1,TGCGTTCCTGTACA,281,-,CT,3,77,1027,AGTGCAGAGAAAATCGGCCAGTTTTCTCTGCCTGCAGTCCGCATGCCGTTGCGTTCCTTGGGTTCTAACCTGTTGTACAGATTTATGCAGCGGACTGCCTTTCTCCCAAAGTGATAAACCGGACAGTATCATGGACCGGTTTTCCCGGTAATCCGTATTTACAAGGATGGTTTCACT,,0.277108,GAGAGggtctcTCCGTTGCGTTCCTTGGGTTCTAACCTGTTGTACAGATTTATGCAGCGGACTGCCTTTCTCCCAAAGTGATAAACCGGACAGTATCATGGACCGGTTTTCCCGGTAATCCGTATTTACAAGGATGGTAgagaccGAGAGGACATTGTCCCTGATTTCTCCACTACTAATAGCACACACGGGGCAATACCAGCACAAGCTAGTCTCGCGGGAACGCTCGTCAGCATACGAAAGAGCTTAAGGCACGCCAATTCGCACTGTCAGGGTCACTTGGGTGTTTTGCACTACCGT
54,sfGFP,,ACAGTATCTTGTAT,bridge_IS621_T_sfGFP_55_D_1,CCGTCATCTTTGAA,303,-,CT,5,122,1373,AGTGCAGAGAAAATCGGCCAGTTTTCTCTGCCTGCAGTCCGCATGCCGTCCGTCATCTTGGGTTCTAACCTGTTTCAAAGATTTATGCAGCGGACTGCCTTTCTCCCAAAGTGATAAACCGGACAGTATCATGGACCGGTTTTCCCGGTAATCCGTATTTACAAGATTGGTTTCACT,"Target P6-P7 and Donor P6-P7 match, efficiency is unclear. DBL HSG forced to be anti-complementary.",0.594454,GAGAGggtctcTCCGTCCGTCATCTTGGGTTCTAACCTGTTTCAAAGATTTATGCAGCGGACTGCCTTTCTCCCAAAGTGATAAACCGGACAGTATCATGGACCGGTTTTCCCGGTAATCCGTATTTACAAGATTGGTAgagaccGAGAGGACATTGTCCCTGATTTCTCCACTACTAATAGCACACACGGGGCAATACCAGCACAAGCTAGTCTCGCGGGAACGCTCGTCAGCATACGAAAGAGCTTAAGGCACGCCAATTCGCACTGTCAGGGTCACTTGGGTGTTTTGCACTACCGT
55,sfGFP,,ACAGTATCTTGTAT,bridge_IS621_T_sfGFP_56_D_1,CACGCGTCTTGTAG,320,-,CT,2,32,613,AGTGCAGAGAAAATCGGCCAGTTTTCTCTGCCTGCAGTCCGCATGCCGTCACGCGTCTTGGGTTCTAACCTGTCTACAAGATTTATGCAGCGGACTGCCTTTCTCCCAAAGTGATAAACCGGACAGTATCATGGACCGGTTTTCCCGGTAATCCGTATTTACAAGACTGGTTTCACT,,0.39115,GAGAGggtctcTCCGTCACGCGTCTTGGGTTCTAACCTGTCTACAAGATTTATGCAGCGGACTGCCTTTCTCCCAAAGTGATAAACCGGACAGTATCATGGACCGGTTTTCCCGGTAATCCGTATTTACAAGACTGGTAgagaccGAGAGGACATTGTCCCTGATTTCTCCACTACTAATAGCACACACGGGGCAATACCAGCACAAGCTAGTCTCGCGGGAACGCTCGTCAGCATACGAAAGAGCTTAAGGCACGCCAATTCGCACTGTCAGGGTCACTTGGGTGTTTTGCACTACCGT
56,sfGFP,,ACAGTATCTTGTAT,bridge_IS621_T_sfGFP_57_D_1,AACTTGACTTCAGC,333,-,CT,0,30,604,AGTGCAGAGAAAATCGGCCAGTTTTCTCTGCCTGCAGTCCGCATGCCGTAACTTGACTTGGGTTCTAACCTGTGCTGAAGATTTATGCAGCGGACTGCCTTTCTCCCAAAGTGATAAACCGGACAGTATCATGGACCGGTTTTCCCGGTAATCCGTATTTACAAGTCTGGTTTCACT,,0.507538,GAGAGggtctcTCCGTAACTTGACTTGGGTTCTAACCTGTGCTGAAGATTTATGCAGCGGACTGCCTTTCTCCCAAAGTGATAAACCGGACAGTATCATGGACCGGTTTTCCCGGTAATCCGTATTTACAAGTCTGGTAgagaccGAGAGGACATTGTCCCTGATTTCTCCACTACTAATAGCACACACGGGGCAATACCAGCACAAGCTAGTCTCGCGGGAACGCTCGTCAGCATACGAAAGAGCTTAAGGCACGCCAATTCGCACTGTCAGGGTCACTTGGGTGTTTTGCACTACCGT
57,sfGFP,,ACAGTATCTTGTAT,bridge_IS621_T_sfGFP_58_D_1,CTTCAAACTTGACT,338,-,CT,3,69,521,AGTGCAGAGAAAATCGGCCAGTTTTCTCTGCCTGCAGTCCGCATGCCGTCTTCAAACTTGGGTTCTAACCTGTAGTCAAGATTTATGCAGCGGACTGCCTTTCTCCCAAAGTGATAAACCGGACAGTATCATGGACCGGTTTTCCCGGTAATCCGTATTTACAAGTTTGGTTTCACT,,0.532663,GAGAGggtctcTCCGTCTTCAAACTTGGGTTCTAACCTGTAGTCAAGATTTATGCAGCGGACTGCCTTTCTCCCAAAGTGATAAACCGGACAGTATCATGGACCGGTTTTCCCGGTAATCCGTATTTACAAGTTTGGTAgagaccGAGAGGACATTGTCCCTGATTTCTCCACTACTAATAGCACACACGGGGCAATACCAGCACAAGCTAGTCTCGCGGGAACGCTCGTCAGCATACGAAAGAGCTTAAGGCACGCCAATTCGCACTGTCAGGGTCACTTGGGTGTTTTGCACTACCGT
58,sfGFP,,ACAGTATCTTGTAT,bridge_IS621_T_sfGFP_59_D_1,GTATCACCTTCAAA,345,-,CT,6,80,1071,AGTGCAGAGAAAATCGGCCAGTTTTCTCTGCCTGCAGTCCGCATGCCGTGTATCACCTTGGGTTCTAACCTGTTTTGAAGATTTATGCAGCGGACTGCCTTTCTCCCAAAGTGATAAACCGGACAGTATCATGGACCGGTTTTCCCGGTAATCCGTATTTACAAGGTTGGTTTCACT,,0.599653,GAGAGggtctcTCCGTGTATCACCTTGGGTTCTAACCTGTTTTGAAGATTTATGCAGCGGACTGCCTTTCTCCCAAAGTGATAAACCGGACAGTATCATGGACCGGTTTTCCCGGTAATCCGTATTTACAAGGTTGGTAgagaccGAGAGGACATTGTCCCTGATTTCTCCACTACTAATAGCACACACGGGGCAATACCAGCACAAGCTAGTCTCGCGGGAACGCTCGTCAGCATACGAAAGAGCTTAAGGCACGCCAATTCGCACTGTCAGGGTCACTTGGGTGTTTTGCACTACCGT
59,sfGFP,,ACAGTATCTTGTAT,bridge_IS621_T_sfGFP_60_D_1,CCTTTAACTCGATA,371,-,CT,3,47,448,AGTGCAGAGAAAATCGGCCAGTTTTCTCTGCCTGCAGTCCGCATGCCGTCCTTTAACTTGGGTTCTAACCTGTTATCGAGATTTATGCAGCGGACTGCCTTTCTCCCAAAGTGATAAACCGGACAGTATCATGGACCGGTTTTCCCGGTAATCCGTATTTACAAGTTTGGTTTCACT,,0.512648,GAGAGggtctcTCCGTCCTTTAACTTGGGTTCTAACCTGTTATCGAGATTTATGCAGCGGACTGCCTTTCTCCCAAAGTGATAAACCGGACAGTATCATGGACCGGTTTTCCCGGTAATCCGTATTTACAAGTTTGGTAgagaccGAGAGGACATTGTCCCTGATTTCTCCACTACTAATAGCACACACGGGGCAATACCAGCACAAGCTAGTCTCGCGGGAACGCTCGTCAGCATACGAAAGAGCTTAAGGCACGCCAATTCGCACTGTCAGGGTCACTTGGGTGTTTTGCACTACCGT
60,sfGFP,,ACAGTATCTTGTAT,bridge_IS621_T_sfGFP_61_D_1,CAATACCCTTTAAC,377,-,CT,0,63,763,AGTGCAGAGAAAATCGGCCAGTTTTCTCTGCCTGCAGTCCGCATGCCGTCAATACCCTTGGGTTCTAACCTGTGTTAAAGATTTATGCAGCGGACTGCCTTTCTCCCAAAGTGATAAACCGGACAGTATCATGGACCGGTTTTCCCGGTAATCCGTATTTACAAGGGTGGTTTCACT,,0.538462,GAGAGggtctcTCCGTCAATACCCTTGGGTTCTAACCTGTGTTAAAGATTTATGCAGCGGACTGCCTTTCTCCCAAAGTGATAAACCGGACAGTATCATGGACCGGTTTTCCCGGTAATCCGTATTTACAAGGGTGGTAgagaccGAGAGGACATTGTCCCTGATTTCTCCACTACTAATAGCACACACGGGGCAATACCAGCACAAGCTAGTCTCGCGGGAACGCTCGTCAGCATACGAAAGAGCTTAAGGCACGCCAATTCGCACTGTCAGGGTCACTTGGGTGTTTTGCACTACCGT
61,sfGFP,,ACAGTATCTTGTAT,bridge_IS621_T_sfGFP_62_D_1,CCATCTTCTTTAAA,393,-,CT,9,113,1290,AGTGCAGAGAAAATCGGCCAGTTTTCTCTGCCTGCAGTCCGCATGCCGTCCATCTTCTTGGGTTCTAACCTGTTTTAAAGATTTATGCAGCGGACTGCCTTTCTCCCAAAGTGATAAACCGGACAGTATCATGGACCGGTTTTCCCGGTAATCCGTATTTACAAGAATGGTTTCACT,,0.580034,GAGAGggtctcTCCGTCCATCTTCTTGGGTTCTAACCTGTTTTAAAGATTTATGCAGCGGACTGCCTTTCTCCCAAAGTGATAAACCGGACAGTATCATGGACCGGTTTTCCCGGTAATCCGTATTTACAAGAATGGTAgagaccGAGAGGACATTGTCCCTGATTTCTCCACTACTAATAGCACACACGGGGCAATACCAGCACAAGCTAGTCTCGCGGGAACGCTCGTCAGCATACGAAAGAGCTTAAGGCACGCCAATTCGCACTGTCAGGGTCACTTGGGTGTTTTGCACTACCGT
62,sfGFP,,ACAGTATCTTGTAT,bridge_IS621_T_sfGFP_63_D_1,TTTCCATCTTCTTT,396,-,CT,5,135,1250,AGTGCAGAGAAAATCGGCCAGTTTTCTCTGCCTGCAGTCCGCATGCCGTTTTCCATCTTGGGTTCTAACCTGTAAAGAAGATTTATGCAGCGGACTGCCTTTCTCCCAAAGTGATAAACCGGACAGTATCATGGACCGGTTTTCCCGGTAATCCGTATTTACAAGATTGGTTTCACT,"Target P6-P7 and Donor P6-P7 match, efficiency is unclear. DBL HSG forced to be anti-complementary.",0.581756,GAGAGggtctcTCCGTTTTCCATCTTGGGTTCTAACCTGTAAAGAAGATTTATGCAGCGGACTGCCTTTCTCCCAAAGTGATAAACCGGACAGTATCATGGACCGGTTTTCCCGGTAATCCGTATTTACAAGATTGGTAgagaccGAGAGGACATTGTCCCTGATTTCTCCACTACTAATAGCACACACGGGGCAATACCAGCACAAGCTAGTCTCGCGGGAACGCTCGTCAGCATACGAAAGAGCTTAAGGCACGCCAATTCGCACTGTCAGGGTCACTTGGGTGTTTTGCACTACCGT
63,sfGFP,,ACAGTATCTTGTAT,bridge_IS621_T_sfGFP_64_D_1,AGTTGTACTCGAGT,425,-,CT,0,22,433,AGTGCAGAGAAAATCGGCCAGTTTTCTCTGCCTGCAGTCCGCATGCCGTAGTTGTACTTGGGTTCTAACCTGTACTCGAGATTTATGCAGCGGACTGCCTTTCTCCCAAAGTGATAAACCGGACAGTATCATGGACCGGTTTTCCCGGTAATCCGTATTTACAAGTATGGTTTCACT,,0.365159,GAGAGggtctcTCCGTAGTTGTACTTGGGTTCTAACCTGTACTCGAGATTTATGCAGCGGACTGCCTTTCTCCCAAAGTGATAAACCGGACAGTATCATGGACCGGTTTTCCCGGTAATCCGTATTTACAAGTATGGTAgagaccGAGAGGACATTGTCCCTGATTTCTCCACTACTAATAGCACACACGGGGCAATACCAGCACAAGCTAGTCTCGCGGGAACGCTCGTCAGCATACGAAAGAGCTTAAGGCACGCCAATTCGCACTGTCAGGGTCACTTGGGTGTTTTGCACTACCGT
64,sfGFP,,ACAGTATCTTGTAT,bridge_IS621_T_sfGFP_65_D_1,TGTTTGTCTGCCGT,462,-,CT,7,101,1414,AGTGCAGAGAAAATCGGCCAGTTTTCTCTGCCTGCAGTCCGCATGCCGTTGTTTGTCTTGGGTTCTAACCTGTACGGCAGATTTATGCAGCGGACTGCCTTTCTCCCAAAGTGATAAACCGGACAGTATCATGGACCGGTTTTCCCGGTAATCCGTATTTACAAGACTGGTTTCACT,,0.57094,GAGAGggtctcTCCGTTGTTTGTCTTGGGTTCTAACCTGTACGGCAGATTTATGCAGCGGACTGCCTTTCTCCCAAAGTGATAAACCGGACAGTATCATGGACCGGTTTTCCCGGTAATCCGTATTTACAAGACTGGTAgagaccGAGAGGACATTGTCCCTGATTTCTCCACTACTAATAGCACACACGGGGCAATACCAGCACAAGCTAGTCTCGCGGGAACGCTCGTCAGCATACGAAAGAGCTTAAGGCACGCCAATTCGCACTGTCAGGGTCACTTGGGTGTTTTGCACTACCGT
65,sfGFP,,ACAGTATCTTGTAT,bridge_IS621_T_sfGFP_66_D_1,TTCCATTCTTTTGT,473,-,CT,4,80,851,AGTGCAGAGAAAATCGGCCAGTTTTCTCTGCCTGCAGTCCGCATGCCGTTTCCATTCTTGGGTTCTAACCTGTACAAAAGATTTATGCAGCGGACTGCCTTTCTCCCAAAGTGATAAACCGGACAGTATCATGGACCGGTTTTCCCGGTAATCCGTATTTACAAGAATGGTTTCACT,,0.43761,GAGAGggtctcTCCGTTTCCATTCTTGGGTTCTAACCTGTACAAAAGATTTATGCAGCGGACTGCCTTTCTCCCAAAGTGATAAACCGGACAGTATCATGGACCGGTTTTCCCGGTAATCCGTATTTACAAGAATGGTAgagaccGAGAGGACATTGTCCCTGATTTCTCCACTACTAATAGCACACACGGGGCAATACCAGCACAAGCTAGTCTCGCGGGAACGCTCGTCAGCATACGAAAGAGCTTAAGGCACGCCAATTCGCACTGTCAGGGTCACTTGGGTGTTTTGCACTACCGT
66,sfGFP,,ACAGTATCTTGTAT,bridge_IS621_T_sfGFP_67_D_1,AAGTTAGCTTTGAT,486,-,CT,1,42,763,AGTGCAGAGAAAATCGGCCAGTTTTCTCTGCCTGCAGTCCGCATGCCGTAAGTTAGCTTGGGTTCTAACCTGTATCAAAGATTTATGCAGCGGACTGCCTTTCTCCCAAAGTGATAAACCGGACAGTATCATGGACCGGTTTTCCCGGTAATCCGTATTTACAAGCTTGGTTTCACT,,0.569231,GAGAGggtctcTCCGTAAGTTAGCTTGGGTTCTAACCTGTATCAAAGATTTATGCAGCGGACTGCCTTTCTCCCAAAGTGATAAACCGGACAGTATCATGGACCGGTTTTCCCGGTAATCCGTATTTACAAGCTTGGTAgagaccGAGAGGACATTGTCCCTGATTTCTCCACTACTAATAGCACACACGGGGCAATACCAGCACAAGCTAGTCTCGCGGGAACGCTCGTCAGCATACGAAAGAGCTTAAGGCACGCCAATTCGCACTGTCAGGGTCACTTGGGTGTTTTGCACTACCGT
67,sfGFP,,ACAGTATCTTGTAT,bridge_IS621_T_sfGFP_68_D_1,GAACCATCTTCAAC,516,-,CT,4,78,899,AGTGCAGAGAAAATCGGCCAGTTTTCTCTGCCTGCAGTCCGCATGCCGTGAACCATCTTGGGTTCTAACCTGTGTTGAAGATTTATGCAGCGGACTGCCTTTCTCCCAAAGTGATAAACCGGACAGTATCATGGACCGGTTTTCCCGGTAATCCGTATTTACAAGATTGGTTTCACT,"Target P6-P7 and Donor P6-P7 match, efficiency is unclear. DBL HSG forced to be anti-complementary.",0.536752,GAGAGggtctcTCCGTGAACCATCTTGGGTTCTAACCTGTGTTGAAGATTTATGCAGCGGACTGCCTTTCTCCCAAAGTGATAAACCGGACAGTATCATGGACCGGTTTTCCCGGTAATCCGTATTTACAAGATTGGTAgagaccGAGAGGACATTGTCCCTGATTTCTCCACTACTAATAGCACACACGGGGCAATACCAGCACAAGCTAGTCTCGCGGGAACGCTCGTCAGCATACGAAAGAGCTTAAGGCACGCCAATTCGCACTGTCAGGGTCACTTGGGTGTTTTGCACTACCGT
68,sfGFP,,ACAGTATCTTGTAT,bridge_IS621_T_sfGFP_69_D_1,TGGTCTGCTAGTTG,534,-,CT,0,39,379,AGTGCAGAGAAAATCGGCCAGTTTTCTCTGCCTGCAGTCCGCATGCCGTTGGTCTGCTTGGGTTCTAACCTGTCAACTAGATTTATGCAGCGGACTGCCTTTCTCCCAAAGTGATAAACCGGACAGTATCATGGACCGGTTTTCCCGGTAATCCGTATTTACAAGCATGGTTTCACT,,0.483649,GAGAGggtctcTCCGTTGGTCTGCTTGGGTTCTAACCTGTCAACTAGATTTATGCAGCGGACTGCCTTTCTCCCAAAGTGATAAACCGGACAGTATCATGGACCGGTTTTCCCGGTAATCCGTATTTACAAGCATGGTAgagaccGAGAGGACATTGTCCCTGATTTCTCCACTACTAATAGCACACACGGGGCAATACCAGCACAAGCTAGTCTCGCGGGAACGCTCGTCAGCATACGAAAGAGCTTAAGGCACGCCAATTCGCACTGTCAGGGTCACTTGGGTGTTTTGCACTACCGT
69,sfGFP,,ACAGTATCTTGTAT,bridge_IS621_T_sfGFP_70_D_1,TAATGGTCTGCTAG,537,-,CT,7,98,1123,AGTGCAGAGAAAATCGGCCAGTTTTCTCTGCCTGCAGTCCGCATGCCGTTAATGGTCTTGGGTTCTAACCTGTCTAGCAGATTTATGCAGCGGACTGCCTTTCTCCCAAAGTGATAAACCGGACAGTATCATGGACCGGTTTTCCCGGTAATCCGTATTTACAAGACTGGTTTCACT,,0.435398,GAGAGggtctcTCCGTTAATGGTCTTGGGTTCTAACCTGTCTAGCAGATTTATGCAGCGGACTGCCTTTCTCCCAAAGTGATAAACCGGACAGTATCATGGACCGGTTTTCCCGGTAATCCGTATTTACAAGACTGGTAgagaccGAGAGGACATTGTCCCTGATTTCTCCACTACTAATAGCACACACGGGGCAATACCAGCACAAGCTAGTCTCGCGGGAACGCTCGTCAGCATACGAAAGAGCTTAAGGCACGCCAATTCGCACTGTCAGGGTCACTTGGGTGTTTTGCACTACCGT
70,sfGFP,,ACAGTATCTTGTAT,bridge_IS621_T_sfGFP_71_D_1,TGGTTGTCTGGTAA,588,-,CT,7,138,1485,AGTGCAGAGAAAATCGGCCAGTTTTCTCTGCCTGCAGTCCGCATGCCGTTGGTTGTCTTGGGTTCTAACCTGTTTACCAGATTTATGCAGCGGACTGCCTTTCTCCCAAAGTGATAAACCGGACAGTATCATGGACCGGTTTTCCCGGTAATCCGTATTTACAAGACTGGTTTCACT,,0.596187,GAGAGggtctcTCCGTTGGTTGTCTTGGGTTCTAACCTGTTTACCAGATTTATGCAGCGGACTGCCTTTCTCCCAAAGTGATAAACCGGACAGTATCATGGACCGGTTTTCCCGGTAATCCGTATTTACAAGACTGGTAgagaccGAGAGGACATTGTCCCTGATTTCTCCACTACTAATAGCACACACGGGGCAATACCAGCACAAGCTAGTCTCGCGGGAACGCTCGTCAGCATACGAAAGAGCTTAAGGCACGCCAATTCGCACTGTCAGGGTCACTTGGGTGTTTTGCACTACCGT
71,sfGFP,,ACAGTATCTTGTAT,bridge_IS621_T_sfGFP_72_D_1,TTGGGATCTTTCGA,627,-,CT,5,62,617,AGTGCAGAGAAAATCGGCCAGTTTTCTCTGCCTGCAGTCCGCATGCCGTTTGGGATCTTGGGTTCTAACCTGTTCGAAAGATTTATGCAGCGGACTGCCTTTCTCCCAAAGTGATAAACCGGACAGTATCATGGACCGGTTTTCCCGGTAATCCGTATTTACAAGATTGGTTTCACT,"Target P6-P7 and Donor P6-P7 match, efficiency is unclear. DBL HSG forced to be anti-complementary.",0.554217,GAGAGggtctcTCCGTTTGGGATCTTGGGTTCTAACCTGTTCGAAAGATTTATGCAGCGGACTGCCTTTCTCCCAAAGTGATAAACCGGACAGTATCATGGACCGGTTTTCCCGGTAATCCGTATTTACAAGATTGGTAgagaccGAGAGGACATTGTCCCTGATTTCTCCACTACTAATAGCACACACGGGGCAATACCAGCACAAGCTAGTCTCGCGGGAACGCTCGTCAGCATACGAAAGAGCTTAAGGCACGCCAATTCGCACTGTCAGGGTCACTTGGGTGTTTTGCACTACCGT
72,sfGFP,,ACAGTATCTTGTAT,bridge_IS621_T_sfGFP_73_D_1,GGTCACGCTTTTCG,641,-,CT,6,85,951,AGTGCAGAGAAAATCGGCCAGTTTTCTCTGCCTGCAGTCCGCATGCCGTGGTCACGCTTGGGTTCTAACCTGTCGAAAAGATTTATGCAGCGGACTGCCTTTCTCCCAAAGTGATAAACCGGACAGTATCATGGACCGGTTTTCCCGGTAATCCGTATTTACAAGCGTGGTTTCACT,,0.592721,GAGAGggtctcTCCGTGGTCACGCTTGGGTTCTAACCTGTCGAAAAGATTTATGCAGCGGACTGCCTTTCTCCCAAAGTGATAAACCGGACAGTATCATGGACCGGTTTTCCCGGTAATCCGTATTTACAAGCGTGGTAgagaccGAGAGGACATTGTCCCTGATTTCTCCACTACTAATAGCACACACGGGGCAATACCAGCACAAGCTAGTCTCGCGGGAACGCTCGTCAGCATACGAAAGAGCTTAAGGCACGCCAATTCGCACTGTCAGGGTCACTTGGGTGTTTTGCACTACCGT
73,sfGFP,,ACAGTATCTTGTAT,bridge_IS621_T_sfGFP_74_D_1,TTACAAACTCAAGA,665,-,CT,2,47,596,AGTGCAGAGAAAATCGGCCAGTTTTCTCTGCCTGCAGTCCGCATGCCGTTTACAAACTTGGGTTCTAACCTGTTCTTGAGATTTATGCAGCGGACTGCCTTTCTCCCAAAGTGATAAACCGGACAGTATCATGGACCGGTTTTCCCGGTAATCCGTATTTACAAGTTTGGTTTCACT,,0.544688,GAGAGggtctcTCCGTTTACAAACTTGGGTTCTAACCTGTTCTTGAGATTTATGCAGCGGACTGCCTTTCTCCCAAAGTGATAAACCGGACAGTATCATGGACCGGTTTTCCCGGTAATCCGTATTTACAAGTTTGGTAgagaccGAGAGGACATTGTCCCTGATTTCTCCACTACTAATAGCACACACGGGGCAATACCAGCACAAGCTAGTCTCGCGGGAACGCTCGTCAGCATACGAAAGAGCTTAAGGCACGCCAATTCGCACTGTCAGGGTCACTTGGGTGTTTTGCACTACCGT
74,sfGFP,,ACAGTATCTTGTAT,bridge_IS621_T_sfGFP_75_D_1,TGTAGAGCTCATCC,704,-,CT,0,22,396,AGTGCAGAGAAAATCGGCCAGTTTTCTCTGCCTGCAGTCCGCATGCCGTTGTAGAGCTTGGGTTCTAACCTGTGGATGAGATTTATGCAGCGGACTGCCTTTCTCCCAAAGTGATAAACCGGACAGTATCATGGACCGGTTTTCCCGGTAATCCGTATTTACAAGCTTGGTTTCACT,,0.364103,GAGAGggtctcTCCGTTGTAGAGCTTGGGTTCTAACCTGTGGATGAGATTTATGCAGCGGACTGCCTTTCTCCCAAAGTGATAAACCGGACAGTATCATGGACCGGTTTTCCCGGTAATCCGTATTTACAAGCTTGGTAgagaccGAGAGGACATTGTCCCTGATTTCTCCACTACTAATAGCACACACGGGGCAATACCAGCACAAGCTAGTCTCGCGGGAACGCTCGTCAGCATACGAAAGAGCTTAAGGCACGCCAATTCGCACTGTCAGGGTCACTTGGGTGTTTTGCACTACCGT
